interval,size_factor,size_p,adjR2,sample_size,low_bound,up_bound
"(0, 300]",-0.023365629934492926,0.11427972056018265,-0.24014307067374752,8291,0,300
"(300, 400]",-0.29761512143009977,0.0,0.011591357577681705,2589,300,400
"(400, 550]",-0.05583894132262769,5.132424543141667e-07,0.0021543425675032424,12315,400,550
"(550, 800]",0.1859511621412393,0.0,0.04599183634471149,10463,550,800
"(800, 100000]",0.21089319033673126,0.002333692932750875,-0.12938199996533384,1488,800,100000
"(0, 100000]",0.0242183591191972,2.4117153476943543e-05,-0.01898306439988895,35146,0,100000
