interval,size_factor,size_p,adjR2,sample_size
"(0, 300]",0.16547682005479836,0.0,-0.29127735900188423,7279
"(300, 400]",-0.24604181271512937,0.0,0.0715853363075254,920
"(400, 550]",-0.17233277022742619,2.220446049250313e-16,0.019972131417857697,4101
"(550, 800]",0.17155604138752087,0.0,0.03812013775106515,3170
"(800, 5000]",0.5361083993225003,3.206324095117452e-13,0.053556078152692255,807
"(0, 5000]",0.05752017793482026,3.2511771053123084e-12,-0.0390245146160042,16277
