interval,size_factor,size_p,adjR2,sample_size
"(0, 5000]",-0.003943277494203241,0.9999999999612028,0,2
