interval,size_factor,size_p,adjR2,sample_size,low_bound,up_bound
"(0, 300]",0.11555584719917963,0.3727230530409984,-0.031980985593091926,205,0,300
"(300, 400]",0.06643097759464761,0.2514752647960359,-0.0012229451284242465,1251,300,400
"(400, 550]",0.15028923846425565,0.00030191677921420634,-0.01455152674145399,2183,400,550
"(550, 800]",-0.06432300174866953,0.08851072928062576,-0.0015184610586891356,1514,550,800
"(800, 5000]",-0.17790930107179903,0.0847540412151877,0.003821740418031183,653,800,5000
"(0, 5000]",0.04301940543476231,0.06060557873895456,-0.003073955301979847,5806,800,5000
