interval,size_factor,size_p,adjR2,sample_size,low_bound,up_bound
"(0, 300]",-0.6589907798169131,0.0,0.22001439537210676,1348,0,300
"(300, 400]",-0.3803615304410385,0.0,0.0955901161312186,762,300,400
"(400, 550]",-0.17055157663496462,0.0,0.04198024189832228,2363,400,550
"(550, 800]",0.02555438974814276,0.11721670328996803,1.3386163297268716e-05,2343,550,800
"(800, 5000]",0.30473673650317074,0.00035070236303225144,-0.06062699389956894,309,800,5000
"(0, 5000]",-0.11428156052930488,0.0,0.01537446878084825,7125,800,5000
