interval,size_factor,size_p,adjR2,sample_size,low_bound,up_bound
"(0, 300]",-0.5789709954710875,0.005837678768819465,0.17919287166792497,47,0,300
"(300, 400]",-0.07989192481333979,0.20662422589364038,-0.004166952314543115,745,300,400
"(400, 550]",0.25833470555076027,4.612058054243029e-05,0.0003656902984995325,630,400,550
"(550, 800]",0.1530906626438133,0.003874527714658571,0.006042055628061815,689,550,800
"(800, 100000]",-0.08696839225674206,0.11562949062435601,-0.07891594082545295,1776,800,100000
"(0, 100000]",0.023448895884716214,0.4417304610648467,-0.023849009395935816,3887,0,100000
