interval,size_factor,size_p,adjR2,sample_size,low_bound,up_bound
"(400, 550]",1.293521233780905,7.69445778425748e-06,0.2050950486693489,112,400,550
"(550, 800]",2.9991089976745555,4.0247805088711175e-12,0.27021279048055613,171,550,800
"(800, 5000]",1.0880959875096219,0.06045273170844334,0.06228083447449739,36,800,5000
"(0, 5000]",2.2138581689959262,0.0,0.2483271465104444,319,800,5000
