interval,size_factor,size_p,adjR2,sample_size,low_bound,up_bound
"(0, 300]",-0.27135340379935674,0.0,0.034504325937748326,6515,0,300
"(300, 400]",-0.2261159039264368,0.0,0.03218605929794516,6299,300,400
"(400, 550]",0.23238512832157265,0.0,0.040287127067363815,14209,400,550
"(550, 800]",0.28712839758641734,0.0,0.090207121624586,3330,550,800
"(800, 100000]",-0.07883452758345524,0.1894879868051067,-0.06028453880753104,690,800,100000
"(0, 100000]",0.0027159417283479227,0.6489479194082728,-0.000858995262946971,31043,0,100000
