interval,size_factor,size_p,adjR2,sample_size,low_bound,up_bound
"(0, 300]",-1.9708864833229738,0.8840351183578492,-1.7292060559274058,3,0,300
"(550, 800]",-0.424402229972375,0.4042681575493181,-0.005852493413501136,22,550,800
"(800, 5000]",1.2926861578542082,0.00045525800210288736,0.08337535599749346,116,800,5000
"(0, 5000]",0.966696934151634,0.003868912761167964,0.028633466750099035,143,0,5000
