interval,size_factor,size_p,adjR2,sample_size,low_bound,up_bound
"(0, 300]",-0.14783119051894242,2.6861073809669733e-07,-0.1214819468595969,558,0,300
"(300, 400]",-0.21325040049019536,0.00040909638685993066,0.036313086380415194,320,300,400
"(400, 550]",0.06295905560706443,0.11570944273687256,-0.06494238425561938,1057,400,550
"(550, 800]",-0.027919309688952336,0.7253767347824418,-0.01692953702791411,4587,550,800
"(800, 5000]",0.11763694930140216,8.264056106099815e-12,-0.04305366217103335,8146,800,5000
"(0, 5000]",0.03273216174095899,0.2809581644788881,-0.015192022596377308,14668,0,5000
