interval,size_factor,size_p,adjR2,sample_size
"(0, 300]",-0.16261329511953465,0.0,0.08281242683906653,11542
"(300, 400]",0.09376012828459925,9.536535556797787e-07,-0.0035321067702465125,3188
"(400, 550]",-0.01892431816328707,0.3272661414473612,-0.003514812759787045,6678
"(550, 800]",-0.18560547720189444,0.0,0.012447693007482608,13600
"(800, 5000]",0.27026724031133675,0.0,0.05687283532421705,24310
"(0, 5000]",-0.0262036750214254,8.178141031045527e-08,7.445666034722187e-06,59318
