interval,size_factor,size_p,adjR2,sample_size
"(800, 5000]",-4.40231824212235,0.23262902540284403,-0.08225824042792462,29
"(0, 5000]",-2.379965762127888,0.3420799013411444,-0.05793081228711161,53
