interval,size_factor,size_p,adjR2,sample_size,low_bound,up_bound
"(800, 100000]",0.3616241165155965,0.6643151514495975,-0.016381487712753495,79,800,100000
"(0, 100000]",0.3616241165155965,0.6643151514495975,-0.016381487712753495,79,0,100000
