interval,size_factor,size_p,adjR2,sample_size,low_bound,up_bound
"(300, 400]",-0.7977247251275681,0.08024573771039556,0.017334430197882722,59,300,400
"(400, 550]",-0.14882515387597087,0.0007113903793889431,0.01165104954435392,569,400,550
"(550, 800]",0.11884625816639639,0.006975508800304953,0.007640920357794512,907,550,800
"(800, 100000]",0.3923122905846936,0.0,0.12620396074421825,2807,800,100000
"(0, 100000]",0.20173353465243218,0.0,0.03541917403144623,4342,0,100000
