interval,size_factor,size_p,adjR2,sample_size
"(0, 300]",-0.216699566214898,0.0,-0.04402679934025122,4470
"(300, 400]",-0.3094634583062292,0.0,0.03948122295670686,3896
"(400, 550]",0.043954756267885,0.11871167160346463,-0.00013308653154875394,6552
"(550, 800]",0.03939494313376391,0.2100619833411268,-0.002930149933723314,4598
"(800, 5000]",0.2702337371331882,0.0,0.08489123825582268,820
"(0, 5000]",-0.08733230759228054,7.505107646466058e-14,-0.0043251573624421,20336
