interval,size_factor,size_p,adjR2,sample_size,low_bound,up_bound
"(800, 100000]",0.17222402277018142,0.42086986845515106,-0.10468386738518465,611,800,100000
"(0, 100000]",0.17222402277018142,0.42086986845515106,-0.10468386738518465,611,0,100000
