interval,size_factor,size_p,adjR2,sample_size,low_bound,up_bound
"(0, 300]",-0.377455063969253,0.0,0.1049809158941849,10408,0,300
"(300, 400]",-0.012019868930677698,0.05571076240903072,-0.09714184809558657,13592,300,400
"(400, 550]",-0.0010873533359555892,0.8915778331647803,-0.06524886662730545,11804,400,550
"(550, 800]",-0.06341365795034444,5.875323116910636e-09,-0.004661246246789874,3275,550,800
"(800, 100000]",0.3475521161706195,0.0,0.15139162744536117,6377,800,100000
"(0, 100000]",0.005189887912185685,0.18112326412569812,-0.014481209639654047,45456,0,100000
