interval,size_factor,size_p,adjR2,sample_size
"(400, 550]",-0.6158864215120772,7.232454273853328e-05,0.1526639258169339,80
"(0, 5000]",-0.5224658683956283,0.0007922128976880494,0.08246013184900858,87
