interval,size_factor,size_p,adjR2,sample_size,low_bound,up_bound
"(400, 550]",-0.8345317057317198,4.52327286293297e-07,-0.18380063686083914,588,400,550
"(550, 800]",0.4768363739516081,0.04613980489948344,-0.054231207863165265,322,550,800
"(0, 100000]",-0.41963789994104533,1.6036448510670098e-05,-0.1794373237044995,910,0,100000
