interval,size_factor,size_p,adjR2,sample_size,low_bound,up_bound
"(0, 300]",-0.2895698861664773,0.0,0.06482381843670515,29822,0,300
"(300, 400]",-0.07730801409268966,0.0,0.0037069264315402473,25874,300,400
"(400, 550]",-0.025833073584433916,0.0007711534074117399,-0.01789008486675625,11782,400,550
"(550, 800]",-0.13712157783544043,0.0,0.0189444917970627,6929,550,800
"(800, 100000]",0.15717758983092703,0.0,-0.039934981759481625,6812,800,100000
"(0, 100000]",-0.10842764471615926,0.0,-0.0012373044323494842,81219,0,100000
