interval,size_factor,size_p,adjR2,sample_size,low_bound,up_bound
"(800, 100000]",-0.05541867895983339,0.8117549643260085,-0.013747877198581282,167,800,100000
"(0, 100000]",-0.05541867895983339,0.8117549643260085,-0.013747877198581282,167,0,100000
