interval,size_factor,size_p,adjR2,sample_size
"(0, 300]",-0.49050839740085395,0.0,0.14142823708514873,495
"(300, 400]",-0.011540629513432156,0.5173820154466917,-0.005354849546401974,3818
"(400, 550]",-0.013849647245071288,0.4274147178751244,-0.015614824452415244,3674
"(550, 800]",-0.22256223825429142,0.08514923362870674,-0.007107086080482716,1419
"(800, 5000]",0.5794481920650966,0.0,0.21295315743198306,366
"(0, 5000]",-0.034619543434175705,0.07324687860990431,-0.006045022864305194,9772
