interval,size_factor,size_p,adjR2,sample_size,low_bound,up_bound
"(0, 300]",-0.06085462481734802,0.0013964460190500905,-0.018920942055774326,1386,0,300
"(300, 400]",-0.17354749897473926,0.0,0.04806011837774149,35608,300,400
"(400, 550]",-0.11912809589040621,0.0,0.024668974179674064,73436,400,550
"(550, 800]",-0.1812580834229197,0.0,0.06269982436078847,51835,550,800
"(800, 100000]",0.2179252447083609,0.0,0.001444835387319321,19155,800,100000
"(0, 100000]",-0.11050106299970458,0.0,0.010386443910852305,181420,0,100000
