interval,size_factor,size_p,adjR2,sample_size
"(0, 300]",-0.15139121309822895,0.0,0.03418445904311751,43356
"(300, 400]",-0.1452519222844103,0.0,0.03871460079546252,18178
"(400, 550]",0.02235561122337178,1.9908650283895213e-09,-0.024426340726576345,40638
"(550, 800]",0.21449406515637914,0.0,-0.01498404069615411,2624
"(800, 5000]",-0.2559540474512301,0.002096366655657489,0.22997455382415988,33
"(0, 5000]",-0.07961407232701888,0.0,0.012153586599983557,104829
