interval,size_factor,size_p,adjR2,sample_size
"(0, 300]",-0.19580937261377757,0.0,0.0955933436376607,17421
"(300, 400]",-0.11405475694091058,0.0,0.011115393515447214,15355
"(400, 550]",-0.24191385733887694,0.0,0.07747714493255287,17685
"(550, 800]",-0.016770502026819817,0.15115530222418805,-0.000613779639818901,7821
"(800, 5000]",0.30330948709962363,0.0,0.08009861696409337,5838
"(0, 5000]",-0.09995304773696988,0.0,0.006580556787855851,64120
