interval,size_factor,size_p,adjR2,sample_size,low_bound,up_bound
"(0, 300]",-0.21500105060924435,0.0,0.018392569166061024,8157,0,300
"(300, 400]",-0.31330285949649034,0.0,0.12405575318918605,2572,300,400
"(400, 550]",-0.22256740762724495,0.0,-0.0008901402223047139,21685,400,550
"(550, 800]",0.24995374376706328,0.0,0.020801206734384237,33469,550,800
"(800, 100000]",0.40962258953247244,0.05937190894559219,0.00018793422032170604,13599,800,100000
"(0, 100000]",0.07069159837127174,0.07474699563291387,-0.0001952228615136331,79482,0,100000
