interval,size_factor,size_p,adjR2,sample_size,low_bound,up_bound
"(0, 300]",0.3494902746548952,0.6039344676631124,-0.0006576842141119421,2049,0,300
"(300, 400]",0.11319335467548115,0.2586757974386358,-0.0016631184378315123,25523,300,400
"(400, 550]",0.16235141619986498,0.0003584736241333264,-0.0009116689728485561,48407,400,550
"(550, 800]",0.117759924639898,0.0,-0.07943965441049206,15711,550,800
"(800, 100000]",0.2553295110072035,0.0,-0.10560086715965733,4449,800,100000
"(0, 100000]",0.1430661190321731,3.474913218082243e-05,-0.0013497776128987837,96139,0,100000
