interval,size_factor,size_p,adjR2,sample_size,low_bound,up_bound
"(0, 300]",-0.1400756456573531,0.0,0.03080096850380598,27330,0,300
"(300, 400]",0.047591240300685386,0.0,-0.004320625248951604,25047,300,400
"(400, 550]",-0.02129153558348447,0.28276349359911435,-6.79011567967791e-05,4028,400,550
"(550, 800]",-0.07148505282269109,0.09140445422714372,0.005579126972420689,468,550,800
"(800, 100000]",0.07237619971075897,0.00016658345400233365,-0.018095065811208455,3613,800,100000
"(0, 100000]",-0.05068443218583579,0.0,-0.0019284443910301263,60486,0,100000
