interval,size_factor,size_p,adjR2,sample_size,low_bound,up_bound
"(400, 550]",-1.8804334381859804,0.03190472911263709,0.0768554895278446,28,400,550
"(550, 800]",-0.43488139260877945,0.0022287568387222567,0.04087113990404567,201,550,800
"(800, 5000]",0.10591919680200829,0.09564243691347696,-0.00031707330842323245,863,800,5000
"(0, 5000]",-0.041415678201667326,0.49981900089799103,-0.0008571250528470742,1093,800,5000
