interval,size_factor,size_p,adjR2,sample_size,low_bound,up_bound
"(0, 300]",-0.3815268006770256,0.0,0.0820311972751333,935,0,300
"(300, 400]",-0.4284420945526664,0.0,0.1092374157215168,2901,300,400
"(400, 550]",-0.1899752449911506,0.0,0.06259612461142094,11710,400,550
"(550, 800]",-0.0317729928839261,0.0,0.004763459517804325,15001,550,800
"(800, 100000]",0.058301390071340685,2.220446049250313e-16,0.021420457901950574,3372,800,100000
"(0, 100000]",-0.09752730690828838,0.0,0.02572622572089278,33919,0,100000
