interval,size_factor,size_p,adjR2,sample_size
"(300, 400]",-0.5996454069522342,0.00495301382215696,-0.03751007359280045,99
"(400, 550]",-0.35335382348496397,0.0,0.004086936560493082,3409
"(550, 800]",-0.22477432830717697,0.0,0.0029187698208097412,9652
"(800, 5000]",0.2375507175860995,0.0021883422145896336,-0.008940858521751194,1588
"(0, 5000]",-0.20337465837218818,0.0,-0.005552412015565222,14748
