interval,size_factor,size_p,adjR2,sample_size,low_bound,up_bound
"(0, 300]",-0.22522510267453333,0.0,0.13770273955710532,36696,0,300
"(300, 400]",-0.17611321686893822,0.0,-0.004740668165823747,17101,300,400
"(400, 550]",-0.10359352627678203,2.220446049250313e-16,0.012402368770733307,5084,400,550
"(550, 800]",-0.023447417950124186,0.13340908459515632,0.0003636970904798975,2043,550,800
"(800, 5000]",0.09051479268587549,0.20535021396935016,0.0034730469733379454,214,800,5000
"(0, 5000]",-0.19524725436749474,0.0,0.04590807014943088,61138,800,5000
