interval,size_factor,size_p,adjR2,sample_size
"(0, 300]",0.6471605603036801,0.6999099518544005,-0.12541917438797356,13
"(300, 400]",0.12575296303237574,0.6212280276893849,-0.007004240939313622,61
"(400, 550]",-0.3614108081774453,3.68594044175552e-14,0.03175323584475309,916
"(550, 800]",0.20266354189620345,0.001176699771063383,0.018037791603774944,525
"(800, 5000]",0.39471327542991064,0.001307460735001209,-0.014766610099917976,52
"(0, 5000]",-0.19174261919756827,1.0745438538961594e-08,-0.004288500058793998,1567
