interval,size_factor,size_p,adjR2,sample_size,low_bound,up_bound
"(0, 300]",-0.38799630495236964,0.0,0.27933839894769064,3198,0,300
"(300, 400]",0.02297545390092715,0.9243079756113235,-0.002421096436404646,4669,300,400
"(400, 550]",0.037222713571438096,0.006195055641476932,-0.0072588375166595664,3340,400,550
"(550, 800]",0.08335547807001625,0.054040739021482986,-0.0318557023851358,507,550,800
"(0, 100000]",-0.12747138190675747,0.11528537708731679,-0.0013652297880237807,11714,0,100000
