interval,size_factor,size_p,adjR2,sample_size,low_bound,up_bound
"(0, 300]",-0.6658972812064627,2.8849668853858645e-07,0.13800534325266456,173,0,300
"(300, 400]",-0.4799382810332416,0.05144307999644582,0.11129388198153523,31,300,400
"(400, 550]",0.015738295136180122,0.8805433189503957,-0.011613407735058479,86,400,550
"(550, 800]",0.00797982851952996,0.9177206124336448,-0.0057851158107924405,275,550,800
"(800, 5000]",-0.33467504503825757,0.05103920702944764,0.026849489511251323,121,800,5000
"(0, 5000]",-0.16883315217717101,0.0011166554072017387,0.01397971115566421,686,800,5000
