interval,size_factor,size_p,adjR2,sample_size,low_bound,up_bound
"(0, 300]",-0.3902842498454168,0.0,-0.007374257351992153,8358,0,300
"(300, 400]",-0.30841551540424633,0.0,0.019247258737390194,10472,300,400
"(400, 550]",-0.11231416041476981,0.0,0.002335596947372953,11758,400,550
"(550, 800]",0.05533715337459719,9.368728143943628e-06,0.005023587647374761,4553,550,800
"(800, 100000]",-0.1676390137335518,0.000457371710727017,0.00044019750807955393,296,800,100000
"(0, 100000]",-0.1772737181197407,0.0,-0.003085222412688271,35437,0,100000
