interval,size_factor,size_p,adjR2,sample_size
"(0, 300]",-0.19981603533122158,0.0,0.11517634789368059,9070
"(300, 400]",0.1810029383354883,0.0,0.003231832300309878,41382
"(400, 550]",0.20414230848407788,0.0,0.004568188690270203,31128
"(550, 800]",0.14960388489253046,0.0,0.0012760647709769701,21961
"(800, 5000]",0.09325940557807898,9.440955794914885e-09,-0.04041558281771973,14388
"(0, 5000]",0.08843093870138063,0.0,-0.0017725322770005825,117929
