interval,size_factor,size_p,adjR2,sample_size,low_bound,up_bound
"(0, 300]",-0.30606106584212656,0.0,0.06654100398041307,6374,0,300
"(300, 400]",-0.6750626353806507,0.0,0.3020857696605922,4551,300,400
"(400, 550]",0.08715815631185214,0.0019056847575167346,-0.0017633347539749433,4588,400,550
"(550, 800]",0.06012834780981182,0.04128759073733623,-0.03365537571299981,4711,550,800
"(800, 100000]",0.07681970504178443,0.05892463639799206,-0.004310603041121741,2051,800,100000
"(0, 100000]",-0.24549565085474745,0.0,0.006051902714215518,22275,0,100000
