interval,size_factor,size_p,adjR2,sample_size,low_bound,up_bound
"(0, 300]",-0.4842722668573571,1.4835819239777948e-09,0.14705169540104934,231,0,300
"(300, 400]",-0.053521145005855794,0.14872420964555988,-0.0009783312481423945,1178,300,400
"(400, 550]",-0.16777374221337812,1.6146639580938427e-10,-0.050139814815121975,993,400,550
"(550, 800]",-0.1966386274260056,0.004011880411160851,-0.1111302036444548,157,550,800
"(800, 100000]",0.17236236306966204,0.00403990343322147,-0.07297543288984354,409,800,100000
"(0, 100000]",-0.1538277328964907,0.0,-0.00292345042130826,2968,0,100000
