interval,size_factor,size_p,adjR2,sample_size,low_bound,up_bound
"(0, 300]",-0.2724550057926746,0.0,0.05992355223823931,1168,0,300
"(300, 400]",-0.18254650838288128,0.008584559605498754,0.004350185489280456,344,300,400
"(400, 550]",-0.15310841595485652,0.00019113267802328693,0.0018400468883028598,916,400,550
"(550, 800]",0.014781907885946986,0.6774998754160331,-0.010260488163064352,882,550,800
"(800, 100000]",-0.0003631342225026179,0.9969835306544459,-0.10938277012473385,169,800,100000
"(0, 100000]",-0.13206461852588053,3.590017172427906e-12,0.0028777015757468494,3479,0,100000
