interval,size_factor,size_p,adjR2,sample_size,low_bound,up_bound
"(0, 300]",0.22530291645056805,0.0,-0.030550844980138603,22194,0,300
"(300, 400]",0.16247086534740435,2.220446049250313e-16,-0.26460800703718523,1348,300,400
"(400, 550]",0.24634466817940257,0.0,0.014321366717214179,10511,400,550
"(550, 800]",0.18452783203431236,0.0,0.042409050878331134,3279,550,800
"(800, 100000]",-0.14805285302278562,0.0,-0.03972903931264682,3093,800,100000
"(0, 100000]",0.20680367600831365,0.0,0.016641970573390563,40425,0,100000
