interval,size_factor,size_p,adjR2,sample_size,low_bound,up_bound
"(0, 300]",0.030205753901391616,0.0037241276945343404,-0.00017048138550990188,8065,0,300
"(300, 400]",-0.18370154691338889,0.0,0.01388810155044684,11480,300,400
"(400, 550]",-0.18511646354492345,0.0,0.03796436406422976,19316,400,550
"(550, 800]",0.06410625500030338,1.8099856202713482e-06,0.004975290235249452,4473,550,800
"(800, 100000]",-0.14264720597401265,0.18640576084108473,-0.10688419434763263,116,800,100000
"(0, 100000]",-0.11514774405798638,0.0,0.007762827743336698,43450,0,100000
