interval,size_factor,size_p,adjR2,sample_size,low_bound,up_bound
"(0, 300]",0.05228217059643655,0.0,-0.011935932109044423,26212,0,300
"(300, 400]",-0.2650488256332402,0.0,0.07237945521387623,13223,300,400
"(400, 550]",-0.3044500991526203,0.0,0.0448783626780932,46180,400,550
"(550, 800]",0.0006982915788235528,0.9124906642956692,-0.003784347192158588,23371,550,800
"(800, 100000]",-0.017921703986375097,0.11751935102065203,-0.004960095053800462,14740,800,100000
"(0, 100000]",-0.10215620789205263,0.0,0.008499381752639645,123726,0,100000
