interval,size_factor,size_p,adjR2,sample_size
"(0, 300]",0.06409492662422492,0.0,0.015663581905057122,28648
"(300, 400]",-0.16293350430640058,0.0,0.031086660866922577,5670
"(400, 550]",-0.07821442920802928,0.0,0.0030811482337772533,26405
"(550, 800]",0.03939946449447007,6.508265379778777e-05,-0.03061603729161755,10004
"(800, 5000]",0.17780936182263862,0.0,0.014916545819770866,8007
"(0, 5000]",0.024517705653907693,0.0,-0.003622326732700909,78734
