interval,size_factor,size_p,adjR2,sample_size,low_bound,up_bound
"(0, 300]",-0.4343293056346128,0.0,0.011749229282474238,4231,0,300
"(300, 400]",-0.5955473544220234,0.0,-0.052436863444159876,16029,300,400
"(400, 550]",-0.39317685609601477,0.0,-0.13582461984615057,46403,400,550
"(550, 800]",0.3311313389746784,0.0,-0.13538285423951257,20927,550,800
"(800, 100000]",2.391593998411967,0.0,0.13930289856242162,5500,800,100000
"(0, 100000]",-0.14059799616606042,0.0,-0.1402254702453969,93090,0,100000
