interval,size_factor,size_p,adjR2,sample_size,low_bound,up_bound
"(0, 300]",-0.0075571354045882565,0.9842184646307901,-0.06941619050825198,22,0,300
"(300, 400]",-1.2348240131286903,3.366529670589813e-07,-0.08052763362886539,880,300,400
"(400, 550]",-0.22406740575865344,1.3298553369622823e-09,-0.036562993654551956,4304,400,550
"(550, 800]",0.17737482662418985,8.250640504137152e-08,-0.025142094117543312,6653,550,800
"(800, 100000]",0.19394067817458252,5.10702591327572e-15,-0.024797336832601546,3494,800,100000
"(0, 100000]",-6.47720875039819e-05,0.9973730976177748,-0.04147366050149692,15353,0,100000
