interval,size_factor,size_p,adjR2,sample_size
"(0, 300]",0.11078531224677778,0.0,-0.022863077843588764,6799
"(300, 400]",-0.20749747015742448,0.1608472121792106,0.0002003687063204529,7755
"(400, 550]",-0.19886480101196796,0.0,0.006305732444304102,14663
"(550, 800]",0.08172115068642169,0.2268176697743205,-0.0052683673528202135,1722
"(800, 5000]",0.13259384081665412,0.004033864078065941,-0.08887445355310808,285
"(0, 5000]",-0.10423877600512375,0.00022653630055757823,0.00040293377804856423,31224
