interval,size_factor,size_p,adjR2,sample_size,low_bound,up_bound
"(0, 300]",-0.3868012514043363,0.0,0.19951105866144192,41700,0,300
"(300, 400]",-0.251069193823809,0.0,0.12206356831743748,47216,300,400
"(400, 550]",-0.03910188994949817,0.0,-0.022828905053869253,38471,400,550
"(550, 800]",-0.03986607643755233,2.220446049250313e-16,-0.004796271292271115,49644,550,800
"(800, 100000]",-0.029309526049389998,0.0006278413426674678,-0.008484769769433465,21859,800,100000
"(0, 100000]",-0.14763962236764896,0.0,0.02812803616640558,198890,0,100000
