interval,size_factor,size_p,adjR2,sample_size
"(0, 300]",-0.639801565648016,0.0,0.18067758204019857,2292
"(300, 400]",-0.38003819053224536,0.0,-0.028079119394446517,30883
"(400, 550]",-0.2906246477680847,0.0,0.0018708399244100615,174851
"(550, 800]",-0.0701135759278134,0.8736122602863365,-3.6486743560493196e-05,123814
"(800, 5000]",0.3838446150002196,0.15242670129981684,2.4779529615770457e-05,35405
"(0, 5000]",-0.16065249678786403,0.2901538114165647,-2.352398907934372e-05,367245
