interval,size_factor,size_p,adjR2,sample_size,low_bound,up_bound
"(0, 300]",-0.23445338171798488,0.16129574500774546,-0.0001996213643196132,36959,0,300
"(300, 400]",-0.3777503825272266,0.0,0.15593105328872903,87983,300,400
"(400, 550]",-0.24431994987763245,0.0,0.10937001060522089,116584,400,550
"(550, 800]",-0.14061799009261927,0.0,0.0025235424543668117,30042,550,800
"(800, 5000]",-0.10422824617825152,5.592505791796043e-09,-0.07391301830601371,8145,800,5000
"(0, 5000]",-0.26174661981988584,0.0,0.0004511363420500736,279713,0,5000
