interval,size_factor,size_p,adjR2,sample_size,low_bound,up_bound
"(0, 300]",-1.44385600958634,0.0,0.05976175557074792,6376,0,300
"(300, 400]",-0.23789551863211886,0.0,0.0475958057730026,16537,300,400
"(400, 550]",-0.13716813421079305,0.0,0.022770457826953194,25469,400,550
"(550, 800]",-0.02309740055193637,0.5301709743461878,-0.00013340095463720836,21637,550,800
"(800, 100000]",-0.05636434044174633,0.0004361304839728408,-0.008016151963782692,4920,800,100000
"(0, 100000]",-0.12040531182158995,0.0,0.001315992115201725,74939,0,100000
