interval,size_factor,size_p,adjR2,sample_size,low_bound,up_bound
"(0, 300]",-0.1475416836134479,0.32529442213376947,-0.07161016191696556,137,0,300
"(300, 400]",-0.30667042691136814,0.0,-0.053065069341771576,4433,300,400
"(400, 550]",-0.5822201466841679,0.0,0.013997840402014794,55548,400,550
"(550, 800]",-0.4137490272253388,0.0,0.004996004851634317,39764,550,800
"(800, 100000]",-0.18771021353822204,0.05972484036664527,-0.030869009149930182,322,800,100000
"(0, 100000]",-0.49529361896166524,0.0,0.008390108854583023,100204,0,100000
