interval,size_factor,size_p,adjR2,sample_size
"(0, 300]",-0.05352338368547968,0.0,-0.07157948753226662,6997
"(300, 400]",-0.4276240643339553,0.0,0.0031373217524675034,44848
"(400, 550]",-0.14000351925311902,2.615162374719482e-05,-0.0003042773492030193,85993
"(550, 800]",0.1660127442152452,5.272667635836115e-09,0.00031965884047191473,53772
"(800, 5000]",0.014530822328125945,0.04002877239636504,-0.013078571981071985,14564
"(0, 5000]",-0.1462753038410872,0.0,-0.00030052535111080303,206174
