interval,size_factor,size_p,adjR2,sample_size,low_bound,up_bound
"(0, 300]",-0.2766451106966837,0.0,-0.24554976867551348,5960,0,300
"(300, 400]",-0.2900632823785263,0.0,0.038378224035033326,13477,300,400
"(400, 550]",-0.22114240208006786,0.0,0.09645843086174932,28608,400,550
"(550, 800]",0.03874225204109663,0.00019908125234024965,0.0033228657439721143,4207,550,800
"(800, 100000]",0.06973524212703196,0.03518800275180811,0.0005311233696650985,704,800,100000
"(0, 100000]",-0.22128881971394063,0.0,0.066573422438712,52956,0,100000
