interval,size_factor,size_p,adjR2,sample_size,low_bound,up_bound
"(0, 300]",-0.5082037820890287,0.0,0.10901979865629041,16019,0,300
"(300, 400]",-0.26363672960772655,0.0,0.08859874431152803,52143,300,400
"(400, 550]",-0.10473513340436923,0.0,0.01499629422878046,139060,400,550
"(550, 800]",-0.012670268896655758,1.1570131681848395e-05,-0.01057367785218788,64389,550,800
"(800, 100000]",-0.0028244211639335127,0.9672623717899562,-0.0009691458775473727,8856,800,100000
"(0, 100000]",-0.11975141071212345,0.0,0.006209815969785759,280467,0,100000
